Date,market,size,volatility,value,risk,growth,momentum
2017-01-02,6886.52,3427.958,2850.88944,1663.995,1707.235,1632.33,1661.729
2017-01-03,6905.877,3425.36,2851.133281,1667.808,1706.075,1637.2,1663.076
2017-01-04,6969.542,3471.849,2869.373836,1686.957,1724.614,1647.44,1673.471
2017-01-05,7002.989,3498.402,2889.518809,1694.637,1735.407,1655.32,1683.116
2017-01-06,7006.904,3490.87,2886.647794,1691.664,1734.133,1660.02,1685.244
2017-01-09,6982.731,3477.779,2873.312576,1683.371,1727.0,1657.69,1680.955
2017-01-10,6993.433,3487.233,2875.9139,1687.151,1730.226,1658.61,1685.533
2017-01-11,6988.087,3478.156,2872.148553,1685.915,1726.576,1655.83,1686.756
2017-01-12,7008.902,3497.656,2882.170342,1692.099,1735.23,1657.25,1693.899
2017-01-13,7027.739,3507.742,2883.58264,1696.979,1739.741,1660.56,1698.641
2017-01-16,7010.214,3496.738,2883.473797,1690.515,1735.484,1657.62,1695.918
2017-01-17,7006.701,3500.402,2891.783388,1689.637,1738.474,1658.48,1697.204
2017-01-18,7018.518,3505.392,2893.301043,1691.984,1740.937,1660.97,1702.725
2017-01-19,6980.742,3483.279,2870.818985,1682.004,1729.188,1652.8,1693.657
2017-01-20,7007.175,3497.128,2880.93209,1689.399,1735.47,1658.38,1699.556
2017-01-23,7002.41,3500.042,2882.008189,1687.787,1736.768,1657.68,1700.684
2017-01-24,7038.552,3518.918,2888.604242,1696.644,1746.041,1664.82,1714.265
2017-01-25,7098.483,3545.988,2896.559865,1713.003,1756.362,1677.36,1727.311
2017-01-26,7090.467,3541.774,2889.70318,1710.998,1753.931,1671.27,1725.369
2017-01-27,7089.39,3540.429,2894.577146,1709.273,1753.706,1674.26,1729.642
2017-01-30,7045.411,3521.338,2891.326791,1697.393,1745.04,1665.77,1717.516
2017-01-31,7046.796,3528.676,2901.657407,1696.489,1749.487,1663.81,1720.149
2017-02-01,7051.6,3527.233,2886.380852,1697.852,1747.001,1665.56,1721.322
2017-02-02,7059.254,3534.4,2900.332057,1698.254,1752.187,1665.71,1726.144
2017-02-03,7100.533,3549.802,2912.973763,1709.197,1760.433,1676.27,1730.386
2017-02-06,7071.932,3532.331,2906.464583,1700.913,1751.471,1673.36,1723.698
2017-02-07,7068.597,3529.853,2912.358183,1697.338,1752.264,1678.14,1724.883
2017-02-08,7089.458,3546.749,2925.441217,1701.276,1760.359,1683.44,1731.422
2017-02-09,7111.223,3546.71,2926.512398,1705.138,1762.636,1689.58,1735.711
2017-02-10,7139.665,3568.119,2936.249348,1712.975,1770.923,1694.05,1742.191
2017-02-13,7174.914,3581.831,2941.037085,1722.397,1777.187,1702.4,1748.929
2017-02-14,7177.229,3573.554,2934.150556,1723.083,1773.729,1705.01,1745.929
2017-02-15,7216.978,3590.453,2945.942303,1733.346,1781.648,1715.14,1752.833
2017-02-16,7231.074,3601.725,2958.798297,1737.351,1788.073,1719.85,1757.648
2017-02-17,7231.017,3596.86,2963.478424,1733.7,1787.815,1727.73,1758.388
2017-02-20,7232.34,3597.409,2962.872028,1734.718,1788.097,1725.75,1759.115
2017-02-21,7257.164,3605.625,2973.726179,1739.515,1792.319,1731.34,1764.392
2017-02-22,7255.526,3604.498,2977.112632,1738.981,1793.098,1733.67,1765.541
2017-02-23,7269.603,3614.857,2994.95613,1743.079,1800.013,1736.32,1767.573
2017-02-24,7253.025,3600.133,3003.008197,1734.966,1795.21,1738.96,1764.318
2017-02-27,7256.786,3600.929,2997.209371,1735.201,1796.01,1738.16,1765.527
2017-02-28,7245.763,3598.19,2997.095581,1733.711,1794.645,1735.02,1761.744
2017-03-01,7316.494,3616.716,3005.134251,1751.504,1803.348,1751.06,1778.671
2017-03-02,7288.9,3605.499,2998.688587,1745.125,1797.698,1747.11,1771.164
2017-03-03,7289.676,3599.439,2992.184493,1746.212,1794.399,1746.08,1770.677
2017-03-06,7276.939,3597.177,2989.150444,1742.76,1793.148,1742.65,1766.958
2017-03-07,7257.105,3586.606,2982.021653,1737.56,1789.32,1739.81,1764.719
2017-03-08,7235.53,3571.421,2970.541107,1731.224,1782.678,1740.02,1762.142
2017-03-09,7240.988,3571.994,2972.467166,1732.199,1782.077,1740.22,1760.46
2017-03-10,7280.49,3597.451,2989.762927,1742.684,1793.217,1748.93,1770.3
2017-03-13,7298.33,3611.677,3000.123489,1747.09,1799.787,1751.94,1779.144
2017-03-14,7270.784,3596.241,2992.805177,1739.115,1793.29,1748.99,1771.562
2017-03-15,7315.246,3615.474,3013.187557,1748.2,1803.262,1759.15,1785.351
2017-03-16,7356.596,3648.98,3022.383011,1762.258,1817.033,1765.04,1795.343
2017-03-17,7353.185,3650.21,3027.756291,1759.753,1819.038,1765.94,1797.715
2017-03-20,7343.654,3646.836,3023.485023,1755.855,1816.877,1766.18,1797.686
2017-03-21,7288.361,3628.812,3018.565255,1743.525,1809.156,1751.99,1786.455
2017-03-22,7273.704,3612.064,3016.423444,1735.631,1803.196,1754.51,1788.337
2017-03-23,7283.199,3622.074,3017.438224,1738.975,1808.465,1753.63,1789.42
2017-03-24,7286.893,3630.624,3019.260386,1740.111,1811.061,1752.44,1790.687
2017-03-27,7284.551,3627.441,3018.161077,1738.226,1810.24,1755.27,1789.28
2017-03-28,7338.85,3657.18,3028.068164,1754.305,1822.205,1764.19,1798.221
2017-03-29,7337.654,3656.253,3018.882983,1752.759,1820.2,1761.82,1799.931
2017-03-30,7351.832,3655.698,3018.641369,1757.047,1822.444,1764.19,1804.552
2017-03-31,7328.135,3644.792,3008.630653,1749.329,1817.96,1760.47,1800.043
2017-04-03,7309.764,3636.932,3012.09846,1742.239,1813.856,1755.45,1796.691
2017-04-04,7314.594,3634.04,3015.39336,1742.275,1813.308,1756.17,1800.061
2017-04-05,7299.388,3628.251,3013.451879,1737.976,1811.69,1751.48,1801.386
2017-04-06,7304.369,3628.683,3008.914436,1738.563,1812.55,1752.43,1802.2
2017-04-07,7300.259,3630.513,3008.190217,1737.258,1812.22,1752.3,1802.776
2017-04-10,7307.204,3637.401,3010.51755,1738.911,1814.947,1752.64,1804.867
2017-04-11,7312.273,3647.747,3019.521128,1740.778,1819.358,1753.94,1806.686
2017-04-12,7292.972,3638.213,3022.16403,1734.207,1817.539,1752.13,1802.598
2017-04-13,7254.267,3625.152,3009.562621,1722.646,1812.003,1746.35,1794.298
2017-04-14,7250.924,3619.832,3005.687519,1721.529,1810.354,1746.06,1793.889
2017-04-17,7305.759,3647.09,3029.785382,1734.086,1823.558,1759.28,1809.223
2017-04-18,7271.605,3631.276,3024.283593,1723.99,1816.455,1752.55,1798.774
2017-04-19,7263.533,3631.473,3021.289986,1722.596,1815.431,1750.97,1796.594
2017-04-20,7309.904,3648.744,3026.857651,1734.59,1823.865,1764.19,1805.314
2017-04-21,7292.16,3643.361,3020.548025,1730.72,1820.229,1761.18,1802.184
2017-04-24,7410.0,3699.931,3046.106014,1764.328,1847.429,1785.2,1827.11
2017-04-25,7451.745,3716.806,3048.853297,1775.2,1854.957,1792.87,1835.58
2017-04-26,7453.777,3722.873,3045.799004,1777.07,1855.943,1792.11,1833.787
2017-04-27,7450.739,3720.303,3045.813655,1772.608,1855.616,1797.14,1833.737
2017-04-28,7440.26,3711.624,3039.669892,1768.708,1851.044,1795.73,1834.472
2017-05-01,7457.039,3719.683,3036.034735,1771.97,1854.177,1797.87,1841.001
2017-05-02,7473.232,3732.229,3038.588127,1775.197,1859.949,1804.66,1843.088
2017-05-03,7462.394,3720.519,3032.410404,1773.443,1855.065,1804.51,1836.31
2017-05-04,7477.354,3726.237,3043.079147,1777.398,1860.274,1811.34,1838.376
2017-05-05,7519.009,3749.671,3055.260349,1788.818,1870.083,1818.05,1850.609
2017-05-08,7523.829,3757.231,3058.179906,1791.2,1871.032,1817.75,1849.93
2017-05-09,7508.951,3747.099,3047.217053,1784.98,1866.727,1820.14,1851.142
2017-05-10,7521.058,3757.886,3054.117048,1788.606,1870.708,1818.37,1860.864
2017-05-11,7506.008,3744.329,3051.714321,1785.113,1864.35,1813.31,1858.746
2017-05-12,7513.91,3746.6,3056.655689,1786.02,1865.417,1817.59,1861.84
2017-05-15,7550.494,3764.802,3070.295891,1795.055,1874.687,1825.56,1874.313
2017-05-16,7571.705,3776.874,3069.823064,1801.144,1879.023,1831.81,1881.751
2017-05-17,7479.489,3748.216,3065.418471,1780.213,1865.845,1807.39,1860.37
2017-05-18,7475.034,3737.166,3069.980431,1774.922,1862.784,1810.27,1863.683
2017-05-19,7530.26,3765.698,3075.207425,1790.311,1875.597,1822.53,1876.725
2017-05-22,7571.916,3790.376,3090.332057,1799.62,1887.483,1834.33,1888.67
2017-05-23,7579.285,3790.14,3089.988299,1801.849,1888.743,1833.92,1888.897
2017-05-24,7584.429,3791.514,3093.983268,1800.992,1891.047,1836.7,1894.933
2017-05-25,7612.198,3803.136,3111.186115,1804.574,1898.787,1848.12,1905.768
2017-05-26,7603.569,3796.269,3110.566099,1800.849,1895.662,1848.26,1905.519
2017-05-29,7601.932,3795.134,3111.223335,1799.96,1895.331,1847.99,1907.171
2017-05-30,7596.314,3792.245,3114.287966,1797.677,1894.824,1850.18,1910.285
2017-05-31,7604.861,3798.952,3128.285959,1797.819,1900.357,1854.55,1913.053
2017-06-01,7651.666,3829.08,3147.322304,1809.213,1914.741,1862.8,1924.317
2017-06-02,7700.06,3858.425,3159.606939,1820.851,1926.594,1876.55,1938.927
2017-06-05,7686.818,3848.541,3155.856703,1816.023,1922.231,1875.54,1934.789
2017-06-06,7664.465,3837.807,3151.191486,1810.858,1915.67,1866.03,1929.273
2017-06-07,7669.544,3839.625,3152.757586,1812.961,1917.127,1867.2,1937.876
2017-06-08,7659.114,3829.664,3133.038084,1812.188,1911.738,1863.82,1941.824
2017-06-09,7653.617,3828.567,3128.291528,1817.713,1912.377,1851.19,1928.352
2017-06-12,7638.007,3825.863,3127.223719,1817.617,1910.419,1845.35,1915.888
2017-06-13,7679.28,3850.86,3138.679522,1825.905,1922.663,1855.54,1930.362
2017-06-14,7686.968,3861.437,3149.277701,1827.26,1930.075,1856.54,1929.846
2017-06-15,7632.194,3820.272,3142.34068,1809.862,1915.431,1847.63,1918.726
2017-06-16,7659.016,3836.502,3152.452066,1815.682,1923.051,1849.35,1924.043
2017-06-19,7712.171,3856.276,3163.728849,1826.119,1932.302,1866.11,1946.975
2017-06-20,7656.666,3829.396,3149.194265,1811.57,1918.763,1852.06,1930.988
2017-06-21,7647.172,3820.121,3145.453562,1806.395,1913.006,1855.12,1932.538
2017-06-22,7653.531,3824.854,3145.61401,1807.55,1913.327,1853.13,1929.228
2017-06-23,7667.424,3834.24,3147.20201,1809.812,1917.023,1858.31,1929.95
2017-06-26,7677.427,3840.836,3150.53146,1813.984,1921.204,1858.6,1929.223
2017-06-27,7638.188,3824.133,3129.026986,1810.672,1912.675,1840.9,1916.229
2017-06-28,7696.738,3847.606,3135.860824,1826.832,1923.453,1854.45,1936.866
2017-06-29,7649.352,3835.787,3110.619058,1822.815,1915.678,1831.66,1919.552
2017-06-30,7637.015,3828.835,3109.796571,1818.682,1912.957,1834.37,1918.063
2017-07-03,7654.039,3832.397,3106.099329,1827.942,1914.439,1832.75,1919.758
2017-07-04,7647.429,3828.245,3100.270261,1827.448,1912.501,1829.96,1916.123
2017-07-05,7654.122,3827.652,3099.638301,1827.333,1911.375,1834.79,1929.541
2017-07-06,7610.888,3809.898,3083.608135,1819.575,1902.161,1821.64,1920.341
2017-07-07,7627.601,3807.792,3086.545398,1819.932,1903.994,1831.27,1931.74
2017-07-10,7643.26,3816.882,3085.3603,1822.544,1906.228,1833.85,1940.64
2017-07-11,7637.601,3815.451,3079.210458,1821.299,1903.268,1830.74,1939.744
2017-07-12,7706.539,3846.897,3101.774656,1835.472,1918.537,1849.39,1957.73
2017-07-13,7722.959,3858.196,3101.306186,1840.352,1924.008,1853.34,1961.687
2017-07-14,7767.449,3885.632,3119.5071,1849.978,1936.878,1867.33,1970.914
2017-07-17,7769.623,3890.131,3122.797805,1850.704,1939.22,1868.23,1971.172
2017-07-18,7774.002,3892.52,3126.893808,1849.386,1940.104,1871.53,1971.525
2017-07-19,7809.926,3909.937,3140.702983,1856.083,1948.217,1878.8,1979.857
2017-07-20,7829.182,3919.834,3151.476458,1861.081,1952.788,1883.45,1982.149
2017-07-21,7811.109,3913.215,3157.91206,1855.482,1951.052,1880.9,1977.185
2017-07-24,7795.896,3903.283,3146.632907,1851.495,1946.162,1874.59,1977.788
2017-07-25,7818.89,3912.465,3146.340859,1860.12,1949.702,1873.25,1985.666
2017-07-26,7824.148,3912.806,3147.251128,1860.74,1949.053,1872.99,1986.418
2017-07-27,7831.495,3919.885,3160.034041,1864.433,1952.941,1868.11,1980.534
2017-07-28,7819.0,3916.03,3159.833312,1862.513,1951.088,1862.66,1978.437
2017-07-31,7822.147,3918.795,3169.040573,1866.93,1953.085,1861.93,1977.676
2017-08-01,7859.377,3941.202,3180.074758,1878.082,1964.149,1870.32,1988.432
2017-08-02,7860.153,3934.095,3179.143453,1877.625,1961.741,1872.7,1991.275
2017-08-03,7855.574,3932.483,3181.912537,1876.222,1961.652,1872.3,1990.945
2017-08-04,7852.118,3924.268,3173.838068,1874.148,1957.77,1872.44,1995.786
2017-08-07,7868.175,3931.337,3176.365983,1878.25,1960.247,1876.81,2004.675
2017-08-08,7848.998,3919.303,3165.3544,1874.552,1954.478,1872.56,2002.131
2017-08-09,7829.879,3905.508,3167.722134,1868.36,1949.305,1872.72,1998.232
2017-08-10,7748.308,3876.61,3159.502288,1851.054,1935.708,1848.99,1967.422
2017-08-11,7738.837,3867.728,3156.579404,1845.494,1931.088,1852.27,1967.31
2017-08-14,7798.547,3886.447,3175.615854,1857.314,1943.805,1867.98,1993.782
2017-08-15,7786.279,3875.045,3175.377607,1853.873,1939.107,1864.85,1992.503
2017-08-16,7807.529,3888.015,3183.590973,1858.07,1945.794,1871.5,1996.563
2017-08-17,7737.677,3870.828,3166.875665,1843.343,1936.017,1851.16,1969.215
2017-08-18,7714.507,3858.239,3161.957633,1837.871,1929.869,1844.33,1965.825
2017-08-21,7721.958,3861.188,3172.394796,1838.728,1933.157,1847.11,1965.034
2017-08-22,7774.193,3877.901,3183.035305,1848.282,1941.618,1864.06,1987.79
2017-08-23,7762.718,3876.465,3178.545212,1847.212,1938.838,1857.42,1982.715
2017-08-24,7753.184,3872.797,3168.572698,1844.771,1936.316,1856.43,1979.978
2017-08-25,7773.376,3886.296,3177.069984,1851.469,1942.821,1859.96,1982.463
2017-08-28,7780.527,3889.348,3180.788553,1852.366,1943.225,1862.9,1985.134
2017-08-29,7776.611,3883.62,3182.916159,1849.179,1940.553,1864.39,1984.89
2017-08-30,7787.876,3882.778,3179.88718,1849.432,1940.713,1870.34,1995.031
2017-08-31,7837.108,3909.5,3195.342795,1859.79,1952.513,1883.48,2007.342
2017-09-01,7861.772,3925.628,3194.694213,1867.576,1958.254,1885.54,2013.767
2017-09-04,7852.069,3916.612,3190.601099,1864.569,1954.209,1884.38,2012.153
2017-09-05,7817.442,3905.325,3183.093957,1855.609,1948.197,1876.17,1994.524
2017-09-06,7835.664,3911.766,3189.258244,1859.93,1950.427,1881.4,1998.859
2017-09-07,7859.407,3927.767,3195.91183,1863.007,1957.094,1892.59,2000.295
2017-09-08,7859.432,3933.426,3210.113386,1864.371,1963.505,1890.72,2000.817
2017-09-11,7929.39,3961.098,3225.362821,1881.162,1977.312,1907.21,2024.452
2017-09-12,7954.985,3972.273,3221.602182,1890.056,1980.422,1910.45,2031.461
2017-09-13,7948.991,3964.131,3209.687579,1889.529,1974.158,1907.98,2032.851
2017-09-14,7937.527,3959.067,3206.254003,1886.203,1971.813,1905.45,2027.087
2017-09-15,7955.358,3966.778,3210.212491,1890.875,1976.232,1914.24,2035.57
2017-09-18,7967.297,3971.428,3210.327333,1894.345,1978.715,1916.47,2044.422
2017-09-19,7989.46,3983.655,3209.575517,1903.156,1981.621,1919.13,2049.767
2017-09-20,8000.125,3991.925,3207.760338,1907.136,1984.693,1919.12,2049.894
2017-09-21,7966.98,3971.19,3185.899566,1901.264,1974.071,1908.68,2041.91
2017-09-22,7984.161,3983.752,3193.313319,1907.116,1979.803,1912.87,2044.427
2017-09-25,7962.548,3979.996,3199.449599,1903.842,1977.81,1907.84,2024.636
2017-09-26,7939.605,3964.569,3191.920253,1897.891,1970.526,1905.62,2021.097
2017-09-27,7964.244,3972.852,3187.863198,1904.93,1972.688,1910.89,2040.912
2017-09-28,7983.119,3983.655,3194.371608,1909.176,1977.849,1911.77,2046.995
2017-09-29,8016.091,3997.146,3201.373027,1916.339,1984.238,1918.94,2059.075
2017-10-02,8032.819,4003.107,3207.555498,1920.121,1987.786,1926.46,2063.848
2017-10-03,8052.884,4014.21,3214.893084,1926.183,1991.812,1930.13,2070.071
2017-10-04,8058.461,4017.094,3223.050854,1925.189,1994.273,1933.07,2070.39
2017-10-05,8080.587,4019.133,3227.210872,1930.02,1995.364,1939.34,2079.541
2017-10-06,8073.657,4012.66,3221.520752,1928.037,1992.455,1938.09,2079.538
2017-10-09,8070.042,4010.692,3217.670479,1926.402,1991.789,1940.58,2079.642
2017-10-10,8103.993,4032.451,3235.367327,1935.459,2002.511,1948.25,2086.511
2017-10-11,8116.215,4033.972,3242.808865,1936.477,2004.568,1952.63,2090.384
2017-10-12,8113.528,4039.526,3245.742025,1933.438,2008.91,1955.79,2089.418
2017-10-13,8131.109,4053.582,3251.481716,1937.756,2014.598,1960.82,2094.568
2017-10-16,8138.746,4054.264,3247.40568,1940.744,2013.739,1961.22,2101.769
2017-10-17,8128.638,4044.431,3246.470719,1937.274,2009.434,1961.02,2099.615
2017-10-18,8141.147,4048.299,3248.434369,1941.341,2013.159,1966.6,2104.797
2017-10-19,8153.091,4059.046,3260.372963,1946.251,2018.641,1963.96,2105.97
2017-10-20,8162.654,4059.217,3260.500724,1948.901,2018.935,1965.71,2117.402
2017-10-23,8140.699,4053.025,3257.375702,1945.335,2015.693,1962.53,2112.708
2017-10-24,8146.136,4054.05,3250.033507,1949.557,2014.323,1960.52,2122.86
2017-10-25,8114.67,4038.177,3239.838007,1942.812,2007.357,1957.0,2116.915
2017-10-26,8123.728,4041.841,3244.304592,1944.875,2010.336,1961.78,2123.223
2017-10-27,8159.711,4047.579,3253.357563,1946.807,2011.346,1978.2,2150.023
2017-10-30,8160.154,4052.379,3245.423252,1947.969,2011.422,1976.12,2149.457
2017-10-31,8169.601,4056.606,3246.822308,1947.851,2013.999,1977.83,2153.425
2017-11-01,8187.198,4066.045,3245.783612,1954.411,2015.899,1980.26,2153.607
2017-11-02,8196.339,4072.192,3247.831451,1959.45,2019.336,1981.21,2158.054
2017-11-03,8205.748,4071.518,3247.868445,1957.122,2019.332,1988.75,2164.896
2017-11-06,8211.512,4077.7,3243.797214,1956.767,2019.917,1988.89,2166.25
2017-11-07,8211.67,4080.773,3258.360079,1956.517,2021.744,1988.08,2161.877
2017-11-08,8227.561,4090.174902,3266.39349,1958.603087,2026.807778,1995.15,2162.917724
2017-11-09,8196.361,4077.948,3260.620108,1952.61,2021.613,1986.12,2147.329
2017-11-10,8189.633,4074.245,3258.219286,1950.294,2020.303,1987.46,2148.898
2017-11-13,8172.635,4054.201028,3259.466852,1943.239521,2014.670629,1985.22,2149.236323
2017-11-14,8158.487,4047.738515,3265.079162,1939.133953,2014.383946,1984.16,2147.6628
2017-11-15,8116.041,4021.43675,3245.530638,1929.43259,2003.274984,1972.46,2139.698753
2017-11-16,8177.95,4055.040605,3268.71949,1942.125205,2017.505489,1992.42,2156.946749
2017-11-17,8167.595,4061.452341,3263.539788,1941.193317,2017.47407,1987.1,2150.473981
2017-11-20,8178.314,4064.166237,3268.575377,1943.229626,2020.185117,1994.4,2157.915454
2017-11-21,8224.477,4080.421746,3278.61185,1952.159409,2027.70198,2006.45,2174.260558
2017-11-22,8236.615,4092.508388,3278.776148,1957.281625,2030.594992,2005.0,2170.14154
2017-11-23,8250.145,4101.943137,3282.934903,1960.976768,2034.771256,2006.92,2173.034754
2017-11-24,8275.539,4109.879892,3289.047439,1965.245249,2039.416991,2012.75,2181.575254
2017-11-27,8260.925,4101.304708,3294.522359,1960.557708,2037.657173,2012.6,2176.727348
2017-11-28,8304.519,4114.565278,3314.204917,1972.213821,2046.36436,2025.4,2192.22431
2017-11-29,8303.959,4125.098317,3320.689543,1982.681418,2051.254535,2016.32,2179.927729
2017-11-30,8350.802,4149.164223,3338.008815,1992.993169,2062.667987,2030.22,2194.59296
2017-12-01,8318.903,4132.010479,3327.800942,1985.16086,2054.756701,2020.32,2181.864441
2017-12-04,8321.553,4136.05108,3325.161876,1993.544519,2058.37918,2016.12,2160.66825
2017-12-05,8296.504,4125.89847,3316.651197,1986.46755,2052.980885,2013.37,2157.936521
2017-12-06,8274.893,4102.580142,3314.894221,1976.485073,2045.395828,2015.19,2159.198566
2017-12-07,8297.454,4118.120923,3316.254146,1981.174741,2050.406823,2018.44,2173.254485
2017-12-08,8337.756,4137.341493,3325.759152,1992.237437,2057.682457,2027.61,2185.052759
2017-12-11,8369.135,4153.016307,3332.066566,2000.57022,2062.922655,2035.8,2189.384928
2017-12-12,8378.365,4150.100269,3329.697061,2004.881587,2061.358398,2034.94,2188.380645
2017-12-13,8382.285,4153.640126,3339.385587,2004.568825,2062.641287,2039.76,2186.699401
2017-12-14,8355.917,4143.857545,3329.774104,1997.311825,2057.707149,2034.19,2179.360673
2017-12-15,8388.329,4148.71014,3342.979798,2001.675606,2061.998288,2046.98,2197.462206
2017-12-18,8463.005,4191.719389,3352.792335,2022.564064,2078.545712,2063.85,2219.113541
2017-12-19,8432.564,4177.822468,3336.171572,2015.330167,2071.291265,2058.99,2211.388876
2017-12-20,8429.665,4182.350961,3329.767024,2017.153359,2071.113706,2056.64,2209.755511
2017-12-21,8451.162,4190.743521,3327.037031,2024.16864,2072.808522,2055.08,2209.011558
2017-12-22,8446.459,4193.757028,3329.223201,2023.391794,2074.098067,2053.45,2207.2038
2017-12-25,8447.872,4195.363902,3330.379772,2023.401732,2074.872301,2053.6,2208.180255
2017-12-26,8445.57,4199.390561,3333.586003,2023.149016,2076.492781,2052.5,2203.333214
2017-12-27,8462.647,4211.02019,3341.149451,2026.350577,2082.188644,2056.37,2209.844206
2017-12-28,8479.723,4221.42378,3349.060831,2030.173185,2088.601274,2058.73,2214.156895
2017-12-29,8466.345,4219.7255,3343.531677,2028.686976,2088.112902,2054.83,2201.584202
2018-01-01,8466.436,4219.915422,3343.568708,2028.721256,2088.251427,2054.84,2201.626103
2018-01-02,8517.256,4242.867081,3342.963088,2040.494658,2094.300104,2066.22,2218.028296
2018-01-03,8555.966,4255.821406,3346.972895,2046.284887,2099.458511,2078.34,2236.634273
2018-01-04,8625.902,4296.654494,3363.562766,2067.730538,2115.788247,2088.78,2255.394935
2018-01-05,8681.647,4317.902701,3377.33901,2079.19148,2126.766562,2105.29,2276.250521
2018-01-08,8687.207,4321.574456,3380.7987,2079.399233,2128.149419,2107.73,2282.124827
2018-01-09,8704.267,4331.892695,3383.314728,2084.653348,2130.865737,2109.72,2289.182688
2018-01-10,8706.333,4334.274065,3374.287418,2091.329511,2127.831914,2102.11,2288.497262
2018-01-11,8744.978,4349.962327,3375.475065,2101.475337,2133.287158,2108.79,2301.153869
2018-01-12,8799.485,4369.475603,3382.128293,2114.976291,2142.012571,2126.21,2317.795005
2018-01-15,8834.288,4396.180559,3393.915264,2125.821988,2153.173265,2132.03,2322.971111
2018-01-16,8812.048,4383.816102,3392.286362,2120.139283,2148.749906,2124.21,2318.495894
2018-01-17,8858.57,4396.625667,3414.186256,2126.890297,2156.901514,2146.66,2347.188864
2018-01-18,8846.33,4384.321745,3403.866437,2122.60316,2152.077505,2145.46,2347.149952
2018-01-19,8889.454,4410.934359,3419.62297,2132.134728,2163.881044,2158.24,2361.410127
2018-01-22,8944.61,4432.202138,3434.867099,2145.518329,2173.535117,2169.99,2375.550985
2018-01-23,8981.229,4457.803839,3445.424808,2152.942952,2183.491151,2174.25,2384.96817
2018-01-24,8990.535,4470.74335,3456.460661,2158.360829,2189.961985,2169.59,2379.494144
2018-01-25,8998.923,4470.343772,3472.661808,2160.067549,2193.334463,2172.14,2382.951674
2018-01-26,9057.622,4484.969742,3491.563534,2168.81907,2200.677289,2194.37,2415.154984
2018-01-29,8998.77,4454.806097,3463.800904,2156.312802,2185.505477,2182.07,2398.023394
2018-01-30,8918.457,4417.306298,3447.281852,2135.1297,2171.129099,2164.21,2371.392721
2018-01-31,8915.278,4411.746642,3444.215404,2130.517464,2172.407279,2160.76,2379.547179
2018-02-01,8914.278,4417.893953,3442.228976,2134.57255,2171.916162,2153.78,2380.5784
2018-02-02,8749.463,4343.623729,3389.863564,2095.234418,2137.769498,2111.08,2331.501501
2018-02-05,8475.882,4234.184522,3292.822048,2034.381624,2083.542571,2040.5,2243.200882
2018-02-06,8457.105,4175.224591,3274.853603,2018.181932,2058.365884,2052.37,2270.555764
2018-02-07,8466.233,4192.10544,3272.941615,2025.066869,2066.113594,2051.53,2267.735869
2018-02-08,8241.133,4115.038288,3209.83672,1979.890147,2025.688864,1989.52,2183.075173
2018-02-09,8266.398,4101.639493,3230.572914,1977.79502,2024.353365,2010.19,2211.410444
2018-02-12,8367.409,4140.117825,3258.469559,1999.035255,2042.232986,2035.43,2246.572361
2018-02-13,8387.051,4149.730357,3264.448032,2002.907793,2046.871072,2041.41,2255.189092
2018-02-14,8490.763,4196.466741,3292.691668,2025.775828,2067.800294,2069.8,2294.842764
2018-02-15,8595.111,4245.039106,3331.908049,2048.003443,2090.85593,2101.6,2327.571635
2018-02-16,8623.703,4268.495834,3346.378049,2056.902226,2102.84192,2107.67,2327.602496
2018-02-19,8615.834,4273.745526,3348.006515,2056.527591,2102.920533,2101.68,2328.12989
2018-02-20,8577.114,4255.641864,3314.944251,2045.060837,2093.036837,2093.99,2326.520496
2018-02-21,8545.709,4241.889924,3297.092996,2037.502825,2086.592553,2085.03,2319.79344
2018-02-22,8543.051,4232.579034,3298.505614,2035.398947,2083.107016,2085.85,2321.379036
2018-02-23,8639.26,4271.528523,3334.573751,2055.712842,2102.294284,2110.49,2353.712525
2018-02-26,8716.091,4295.084288,3362.516055,2072.187188,2114.769847,2133.35,2381.140133
2018-02-27,8640.095,4266.15066,3331.721846,2057.482598,2098.457979,2109.84,2363.538852
2018-02-28,8549.699,4228.427549,3305.545307,2034.969516,2079.930407,2090.73,2341.872515
2018-03-01,8438.326,4176.576711,3271.396643,2008.964001,2056.237237,2057.37,2300.864771
2018-03-02,8438.392,4171.126961,3279.304824,2004.401197,2054.550351,2064.91,2305.161276
2018-03-05,8506.104,4191.099787,3305.24913,2016.696412,2067.369405,2083.33,2326.22081
2018-03-06,8553.023,4227.728246,3313.607642,2029.043439,2082.990195,2092.36,2340.268637
2018-03-07,8546.296,4221.435923,3309.305465,2024.3586,2080.767353,2092.88,2345.197854
2018-03-08,8586.378,4238.880912,3327.20328,2030.538834,2090.170049,2106.13,2354.262027
2018-03-09,8683.811,4270.521198,3350.923911,2048.610512,2107.884516,2135.03,2395.316411
2018-03-12,8703.861,4292.313814,3355.325004,2055.95484,2114.479127,2136.26,2396.503455
2018-03-13,8665.213,4283.27527,3355.73563,2048.597761,2110.246855,2123.85,2382.29226
2018-03-14,8626.098,4267.13407,3343.107615,2037.21132,2101.710741,2115.15,2371.305532
2018-03-15,8623.408,4262.207431,3343.190306,2036.50619,2100.052714,2116.58,2374.046243
2018-03-16,8627.3,4263.704798,3349.988171,2038.267443,2100.90602,2116.7,2375.49979
2018-03-19,8532.223,4231.239698,3329.096963,2018.98408,2087.569891,2093.61,2344.519388
2018-03-20,8534.402,4225.682488,3325.412604,2017.980351,2085.614955,2098.19,2357.040576
2018-03-21,8528.271,4228.862539,3315.206013,2018.202069,2084.250351,2091.11,2350.895122
2018-03-22,8382.857,4185.904468,3281.90553,1987.426207,2060.884793,2049.78,2291.64367
2018-03-23,8236.474,4119.580452,3240.651291,1953.628398,2031.86944,2012.98,2236.912935
2018-03-26,8368.367,4155.40768,3278.297934,1978.27266,2050.194269,2059.51,2297.783382
2018-03-27,8313.968,4159.140388,3276.442832,1974.817226,2051.092619,2033.14,2254.094196
2018-03-28,8290.633,4144.250767,3278.718796,1972.001394,2048.813324,2029.87,2234.767254
2018-03-29,8363.544,4170.308307,3299.923063,1985.272722,2060.724715,2055.68,2264.132229
2018-03-30,8368.879,4176.082151,3301.886316,1986.775828,2062.246872,2056.1,2266.0816
2018-04-02,8254.463,4136.619848,3267.425355,1965.496547,2042.86552,2020.33,2214.692472
2018-04-03,8296.289,4142.021494,3284.087799,1972.36407,2047.276137,2035.52,2235.431002
2018-04-04,8347.681,4154.461598,3304.083507,1982.056398,2054.334707,2054.37,2253.767218
2018-04-05,8427.59,4190.989427,3323.248511,2001.947208,2070.69846,2068.36,2274.128495
2018-04-06,8317.079,4157.323711,3289.740577,1981.368639,2054.031081,2035.21,2224.869393
2018-04-09,8352.772,4173.91658,3303.301188,1989.932326,2063.280882,2044.63,2233.636747
2018-04-10,8470.301,4217.989185,3321.135596,2016.272688,2081.333025,2074.74,2278.384952
2018-04-11,8440.239,4208.314262,3305.972138,2010.715363,2074.834408,2064.0,2263.460953
2018-04-12,8475.026,4210.168826,3306.55421,2017.264714,2076.089581,2077.3,2290.587822
2018-04-13,8467.9,4212.6609,3305.027747,2016.426439,2076.169322,2072.52,2274.522655
2018-04-16,8513.951,4236.898251,3333.608051,2026.324691,2089.241559,2084.22,2290.27763
2018-04-17,8581.673,4260.671353,3351.231128,2036.044104,2100.539229,2105.52,2322.369021
2018-04-18,8611.482,4288.359276,3358.085492,2044.436431,2110.521541,2104.02,2333.498924
2018-04-19,8581.173,4277.578437,3338.802304,2043.115043,2104.887991,2083.47,2327.065611
2018-04-20,8516.29,4250.133549,3317.578518,2030.999274,2091.058625,2061.13,2310.212563
2018-04-23,8506.643,4240.691858,3313.658314,2030.868806,2087.028671,2056.78,2304.476437
2018-04-24,8443.967,4225.255353,3294.821614,2024.310303,2078.787899,2033.7,2272.876159
2018-04-25,8426.223,4210.157654,3288.377608,2019.545831,2072.529396,2031.08,2269.208754
2018-04-26,8491.494,4231.455048,3310.532609,2027.256988,2083.209054,2052.04,2299.85166
2018-04-27,8507.552,4244.663922,3320.73169,2030.03772,2090.69841,2056.56,2306.905292
2018-04-30,8470.213,4230.424608,3304.582443,2021.416777,2083.671863,2046.8,2290.368507
2018-05-01,8459.312,4217.037018,3294.148922,2014.943654,2077.803828,2049.85,2296.684915
2018-05-02,8431.197,4211.723313,3268.870621,2008.935295,2071.576679,2043.9,2282.244698
2018-05-03,8411.854,4205.139201,3272.616951,2001.049466,2068.43277,2042.3,2285.833007
2018-05-04,8487.121,4227.983543,3292.842547,2015.273397,2079.843326,2065.42,2306.333997
2018-05-07,8519.036,4240.151626,3299.234699,2020.51483,2085.557029,2073.7,2321.455525
2018-05-08,8512.113,4240.179882,3296.561489,2018.568085,2083.814062,2075.81,2328.809732
2018-05-09,8573.202,4252.678858,3299.778537,2031.004695,2090.56733,2090.19,2350.821595
2018-05-10,8633.132,4272.706562,3320.126654,2043.865553,2100.756004,2104.38,2367.877463
2018-05-11,8670.573,4294.271256,3334.075561,2055.132654,2110.521455,2110.8,2374.77584
2018-05-14,8688.998,4302.37747,3331.331362,2060.213598,2112.549718,2113.71,2377.457605
2018-05-15,8624.474,4271.302845,3307.404168,2047.71941,2096.81966,2096.88,2360.48022
2018-05-16,8638.248,4272.141592,3306.27958,2047.964549,2096.51181,2107.82,2369.052985
2018-05-17,8651.629,4284.285449,3302.8623,2053.20094,2100.540287,2108.51,2366.852823
2018-05-18,8634.31,4282.113492,3302.561021,2046.931571,2100.30102,2104.5,2365.901131
2018-05-21,8676.317,4294.725854,3318.399494,2054.184171,2108.525805,2116.65,2387.008119
2018-05-22,8669.437,4292.717141,3310.194184,2056.057324,2107.862114,2111.35,2378.139143
2018-05-23,8645.928,4273.811704,3317.877992,2043.117241,2099.592369,2115.99,2383.269373
2018-05-24,8625.487,4269.190069,3323.918019,2034.744565,2099.674106,2116.36,2382.303024
2018-05-25,8598.004,4256.767008,3322.789617,2024.781873,2096.053266,2115.91,2376.729354
2018-05-28,8584.389,4248.652882,3320.689214,2019.756687,2092.925529,2114.09,2375.95501
2018-05-29,8487.788,4209.096623,3302.312015,1992.188718,2072.796028,2095.51,2347.05146
2018-05-30,8559.932,4228.707051,3326.661357,2006.988836,2085.197024,2112.31,2371.843536
2018-05-31,8531.327,4223.984214,3310.103899,2000.40984,2080.380485,2102.55,2356.861947
2018-06-01,8598.357,4239.651534,3315.388601,2013.885419,2087.438005,2127.91,2382.32465
2018-06-04,8650.366,4270.462251,3333.174876,2027.374895,2102.626412,2142.4,2400.508687
2018-06-05,8640.779,4265.13589,3330.025009,2021.053441,2098.753412,2144.51,2407.478364
2018-06-06,8711.915,4296.599878,3345.5762,2039.076818,2112.717358,2159.08,2429.769443
2018-06-07,8717.264,4302.948575,3350.492923,2045.333149,2115.18811,2148.66,2418.728066
2018-06-08,8718.274,4300.086733,3359.854949,2042.152335,2114.967,2151.79,2423.394244
2018-06-11,8745.196,4313.76967,3360.218173,2049.935036,2120.5769,2154.99,2424.891824
2018-06-12,8750.209,4319.765617,3364.923992,2048.00354,2124.10763,2159.11,2429.010253
2018-06-13,8729.631,4311.474966,3356.820386,2042.832312,2119.416946,2156.86,2427.962326
2018-06-14,8739.17,4307.963054,3356.711027,2041.925829,2118.379846,2163.01,2431.548136
2018-06-15,8707.597,4293.159573,3363.566422,2032.76329,2113.764029,2159.73,2423.962684
2018-06-18,8673.897,4271.756297,3348.460005,2021.917923,2103.58739,2152.99,2422.334665
2018-06-19,8615.64,4234.143893,3336.538546,2008.82495,2087.569577,2136.6,2402.928349
2018-06-20,8641.505,4250.302782,3339.025793,2012.880053,2094.078884,2144.03,2414.238255
2018-06-21,8594.222,4229.23885,3332.165577,2002.073826,2085.625871,2132.25,2398.200555
2018-06-22,8630.998,4245.724924,3349.618232,2012.274227,2094.958312,2135.55,2390.956115
2018-06-25,8511.425,4198.295639,3333.770364,1988.602722,2076.592101,2101.73,2343.203566
2018-06-26,8522.939,4199.885514,3333.000266,1988.996573,2077.017441,2103.58,2350.96472
2018-06-27,8474.665,4179.611146,3317.285457,1979.753694,2067.932223,2085.03,2327.921233
2018-06-28,8490.236,4169.969299,3325.786272,1979.104589,2064.935663,2092.94,2343.214208
2018-06-29,8530.354,4192.661192,3331.96229,1988.395667,2076.210881,2103.61,2348.921198
2018-07-02,8501.099,4156.412211,3320.650879,1977.270698,2061.611518,2102.94,2348.567041
2018-07-03,8501.078,4168.589689,3329.242265,1981.277189,2069.110335,2096.12,2336.957475
2018-07-04,8501.66,4168.985744,3336.762776,1982.606623,2070.229864,2095.78,2336.771661
2018-07-05,8560.141,4186.284713,3354.322323,1995.163895,2080.853219,2116.6,2348.601006
2018-07-06,8632.178,4220.531245,3373.022601,2010.193595,2095.653314,2138.83,2366.854649
2018-07-09,8704.913,4253.208942,3379.495736,2027.18091,2107.396837,2155.91,2394.782258
2018-07-10,8724.346,4256.839161,3390.687368,2029.229119,2109.929849,2162.74,2402.368931
2018-07-11,8648.493,4218.547866,3378.820017,2008.721606,2095.377872,2147.6,2388.13031
2018-07-12,8704.45,4229.023076,3394.324414,2015.529558,2101.824509,2174.28,2414.497003
2018-07-13,8719.74,4239.494078,3400.197997,2018.129505,2105.281848,2181.07,2418.998521
2018-07-16,8712.611,4234.890414,3396.998913,2019.845971,2103.852905,2173.65,2419.505117
2018-07-17,8734.573,4244.121564,3407.478448,2022.718684,2107.591925,2187.33,2426.913565
2018-07-18,8751.299,4250.877473,3408.974136,2026.800643,2108.936235,2189.51,2436.279121
2018-07-19,8721.588,4240.892646,3402.520548,2020.303949,2104.799059,2183.91,2420.624782
2018-07-20,8739.506,4253.562876,3415.80583,2024.591742,2112.319203,2191.93,2426.244057
2018-07-23,8740.861,4247.991653,3408.873901,2027.586439,2108.536581,2191.54,2429.437823
2018-07-24,8788.695,4261.504783,3414.019181,2040.771935,2113.357435,2204.31,2432.341781
2018-07-25,8832.601,4275.868623,3428.0319,2044.125638,2119.894603,2225.21,2458.319442
2018-07-26,8833.743,4292.972734,3436.736897,2051.60707,2128.970388,2205.61,2454.428965
2018-07-27,8810.023,4292.239806,3435.429857,2053.607661,2129.021714,2186.41,2430.732249
2018-07-30,8778.722,4281.571358,3424.770107,2055.504066,2124.547829,2167.53,2398.42636
2018-07-31,8798.941,4284.006826,3437.734229,2056.168933,2128.849848,2177.82,2401.652991
2018-08-01,8783.723,4270.115679,3426.848625,2050.499234,2121.319514,2178.21,2404.170136
2018-08-02,8777.359,4256.117804,3428.675209,2041.772418,2115.269896,2186.85,2415.594551
2018-08-03,8810.018,4266.369531,3442.268656,2050.392835,2122.637279,2195.62,2418.05342
2018-08-06,8818.741,4262.212028,3446.855317,2049.241766,2121.702778,2201.63,2426.860567
2018-08-07,8857.696,4280.173846,3450.977853,2060.156327,2128.159079,2210.46,2440.95273
2018-08-08,8855.145,4274.913482,3448.11453,2059.995006,2125.714527,2207.82,2443.953027
2018-08-09,8849.475,4271.764521,3449.696667,2057.051997,2125.181003,2206.66,2446.913098
2018-08-10,8753.572,4222.743071,3429.023586,2030.726987,2101.697491,2185.56,2429.488043
2018-08-13,8703.047,4186.361548,3415.578337,2015.344198,2088.524782,2180.33,2415.766404
2018-08-14,8744.387,4207.610036,3434.194808,2024.275907,2098.414268,2191.44,2432.406673
2018-08-15,8657.633,4165.35644,3427.662859,2004.968695,2083.493451,2172.76,2398.624222
2018-08-16,8723.234,4189.228231,3449.680997,2021.83825,2097.580505,2184.11,2414.83178
2018-08-17,8752.739,4208.271147,3466.061156,2029.798606,2106.817508,2188.67,2417.699631
2018-08-20,8782.512,4225.920781,3472.660499,2036.839053,2114.805112,2195.86,2429.141473
2018-08-21,8809.87,4242.406011,3466.013079,2044.256577,2120.400408,2201.07,2437.506743
2018-08-22,8827.36,4254.984012,3461.483637,2047.571318,2123.638201,2205.17,2448.33872
2018-08-23,8800.493,4237.305788,3459.715673,2038.040351,2116.165548,2204.7,2449.811775
2018-08-24,8851.404,4259.175051,3476.630415,2047.012711,2125.250764,2218.44,2471.637961
2018-08-27,8927.232,4296.889329,3488.530879,2065.492089,2140.569702,2237.53,2495.715647
2018-08-28,8937.952,4304.943724,3488.654825,2068.047544,2144.254201,2240.27,2500.186083
2018-08-29,8972.524,4313.772933,3496.298094,2072.14745,2148.614383,2253.06,2517.433908
2018-08-30,8936.036,4297.870196,3488.024227,2061.771647,2141.221604,2248.08,2508.207762
2018-08-31,8911.933,4284.876647,3490.820593,2052.999542,2135.536967,2245.95,2510.907987
2018-09-03,8903.568,4273.219143,3489.008802,2050.052003,2131.843729,2245.63,2509.794601
2018-09-04,8860.733,4246.868808,3479.035157,2039.020912,2119.74126,2230.52,2511.533941
2018-09-05,8819.759,4226.660952,3473.796745,2034.955066,2113.64592,2213.93,2475.604221
2018-09-06,8786.774,4210.791956,3482.007019,2028.211478,2110.284694,2205.15,2471.251583
2018-09-07,8760.979,4194.701006,3475.959835,2020.895539,2103.550488,2198.88,2465.599446
2018-09-10,8781.783,4206.470268,3481.358782,2025.970301,2109.296322,2206.72,2468.986726
2018-09-11,8802.905,4208.899412,3485.925013,2027.581644,2111.017057,2212.18,2481.854738
2018-09-12,8823.63,4221.287197,3500.904257,2032.490009,2118.047187,2213.56,2488.298698
2018-09-13,8866.441,4236.54982,3515.835806,2042.061584,2126.416658,2226.5,2499.71585
2018-09-14,8883.293,4251.869306,3518.303043,2047.292371,2130.866127,2228.71,2507.609593
2018-09-17,8858.597,4251.944805,3516.698395,2048.234245,2131.268238,2216.22,2484.892916
2018-09-18,8907.108,4282.288769,3532.705386,2059.899531,2142.080336,2226.75,2507.780544
2018-09-19,8929.819,4298.383468,3522.059258,2070.583615,2142.54108,2225.37,2505.020948
2018-09-20,9003.773,4326.265096,3535.09386,2088.540417,2155.838137,2247.4,2520.620614
2018-09-21,9021.72,4341.262281,3545.851339,2095.635397,2161.58854,2247.92,2524.369006
2018-09-24,8993.363,4322.677098,3525.061658,2086.146589,2150.292084,2242.68,2525.729458
2018-09-25,8999.009,4326.0476,3526.62018,2084.817074,2150.223665,2244.11,2534.292386
2018-09-26,8985.263,4321.556031,3522.564276,2080.694317,2147.539242,2244.79,2532.313756
2018-09-27,8984.306,4303.533697,3519.056065,2076.490108,2141.269663,2250.49,2534.384172
2018-09-28,8965.288,4300.407097,3532.62754,2068.862324,2141.523216,2250.59,2535.773952
2018-10-01,8982.645,4294.404901,3526.06967,2069.768373,2138.533591,2256.61,2546.850625
2018-10-02,8964.096,4282.883912,3529.751441,2067.642315,2132.496002,2251.79,2534.706249
2018-10-03,8964.141,4276.865458,3513.203454,2066.652694,2128.932097,2254.12,2537.525214
2018-10-04,8891.219,4243.665849,3492.655787,2059.30368,2111.989304,2219.53,2502.171549
2018-10-05,8833.801,4215.329417,3488.386686,2047.30805,2101.47597,2202.21,2482.408739
2018-10-08,8801.723,4198.51224,3488.941908,2043.078094,2094.482023,2190.2,2461.188636
2018-10-09,8782.547,4174.995915,3485.621355,2036.164625,2086.741875,2185.48,2458.705787
2018-10-10,8580.012,4113.611191,3430.492381,2005.148408,2055.074442,2114.18,2365.941965
2018-10-11,8399.416,4025.774155,3362.580665,1959.261865,2012.566164,2078.77,2318.301841
2018-10-12,8475.891,4045.534296,3379.893139,1967.110239,2019.912195,2110.76,2365.23402
2018-10-15,8441.854,4035.02311,3377.557193,1962.350965,2016.957014,2098.33,2338.784211
2018-10-16,8590.285,4091.503108,3425.070453,1989.734667,2046.05282,2145.97,2396.605265
2018-10-17,8583.494,4090.193014,3430.180865,1989.024476,2044.996837,2141.65,2395.49409
2018-10-18,8481.35,4052.388468,3416.403722,1969.820668,2030.152533,2110.36,2354.290286
2018-10-19,8472.817,4033.348314,3423.374183,1967.893079,2026.504637,2109.06,2336.328774
2018-10-22,8436.386,4015.691665,3412.808345,1955.168261,2017.692809,2111.06,2337.813243
2018-10-23,8356.329,3960.709865,3390.159202,1936.135031,1994.135172,2093.62,2306.203037
2018-10-24,8170.622,3901.320745,3359.379537,1899.757346,1971.884297,2034.51,2235.00378
2018-10-25,8243.264,3896.46569,3350.96474,1907.733377,1973.137337,2066.55,2282.606417
2018-10-26,8143.135,3866.400621,3324.351459,1891.090573,1956.574663,2041.6,2241.128216
2018-10-29,8117.819,3866.115279,3323.40971,1894.927041,1959.908869,2027.09,2211.930891
2018-10-30,8206.803,3905.092058,3358.931932,1912.992623,1977.991792,2052.25,2238.830915
2018-10-31,8309.11,3946.572214,3371.352366,1932.830578,1993.909124,2084.25,2285.907631
2018-11-01,8387.493,3990.389052,3373.995118,1947.861145,2010.830927,2104.39,2316.399743
2018-11-02,8370.566,4005.377556,3376.79455,1946.967498,2013.941799,2092.56,2316.158634
2018-11-05,8387.097,3998.20958,3391.312085,1951.804468,2015.097948,2093.57,2318.179112
2018-11-06,8428.521,4019.099302,3410.540704,1961.098133,2026.125133,2103.37,2328.6053
2018-11-07,8567.518,4059.767856,3448.697256,1985.490664,2048.663309,2145.39,2386.811222
2018-11-08,8563.077,4062.842369,3457.615592,1988.149345,2051.10681,2141.03,2384.151756
2018-11-09,8484.64,4026.577067,3452.700006,1971.139341,2038.688018,2120.2,2353.500442
2018-11-12,8343.355,3979.105212,3424.195142,1944.121978,2017.82217,2079.12,2298.988635
2018-11-13,8335.412,3970.007385,3414.625426,1942.665049,2016.549177,2082.32,2294.158108
2018-11-14,8290.175,3958.614459,3402.368006,1933.722066,2010.19531,2071.94,2272.469777
2018-11-15,8338.88,3967.574648,3417.804682,1938.163296,2014.30617,2087.86,2298.423361
2018-11-16,8361.754,3981.2629,3436.042533,1944.426864,2024.208922,2087.41,2293.933738
2018-11-19,8270.973,3958.356644,3418.424513,1934.734019,2013.444593,2046.07,2237.695226
2018-11-20,8136.839,3899.759597,3379.577994,1903.143436,1986.156426,2015.23,2196.235502
2018-11-21,8169.56,3914.897599,3374.981006,1909.168648,1992.297391,2021.1,2208.090928
2018-11-22,8167.472,3918.981559,3382.225567,1907.747976,1993.905248,2021.21,2209.995373
2018-11-23,8131.005,3913.266709,3380.465687,1900.593635,1992.991405,2012.11,2196.855312
2018-11-26,8230.857,3947.533332,3399.903972,1921.709922,2009.382711,2037.09,2238.085975
2018-11-27,8234.879,3940.506931,3402.396826,1922.729833,2006.709696,2037.15,2242.248824
2018-11-28,8357.623,3972.085992,3440.690424,1941.240321,2022.612459,2080.06,2304.578535
2018-11-29,8380.122,3992.693159,3446.292524,1947.453118,2031.209413,2079.64,2302.778592
2018-11-30,8407.845,3987.760941,3468.495037,1949.313802,2031.132842,2093.6,2319.540153
2018-12-03,8511.943,4045.261167,3478.694423,1973.024245,2053.509808,2117.61,2350.244008
2018-12-04,8307.722,3962.459886,3439.8469,1928.031096,2019.065081,2061.23,2288.862029
2018-12-05,8273.738,3939.502253,3432.209512,1918.107595,2008.35031,2053.87,2283.517417
2018-12-06,8202.323,3891.646361,3421.556928,1892.602272,1987.185954,2047.82,2279.482651
2018-12-07,8097.716,3868.298695,3402.400858,1875.893053,1977.671088,2008.88,2233.413507
2018-12-10,8046.668,3814.344604,3391.447274,1852.733388,1953.741623,2011.75,2237.71505
2018-12-11,8054.431,3812.765081,3392.908682,1851.823791,1954.799089,2019.73,2242.373133
2018-12-12,8141.97,3867.2634,3406.260215,1875.62211,1977.9881,2038.85,2261.772147
2018-12-13,8137.039,3858.908337,3412.91471,1873.604246,1975.256639,2038.77,2262.676767
2018-12-14,8006.349,3808.623058,3373.502121,1848.637944,1952.752104,1995.16,2216.813822
2018-12-17,7890.422,3770.021384,3326.727809,1829.562073,1931.762657,1958.8,2170.952446
2018-12-18,7865.997,3749.348341,3310.95687,1820.220081,1922.712149,1963.49,2168.987746
2018-12-19,7802.776,3734.524153,3289.917468,1811.06578,1916.858824,1938.42,2146.524634
2018-12-20,7679.707,3671.127852,3252.800309,1782.368118,1889.05784,1910.69,2107.090221
2018-12-21,7564.889,3625.195404,3222.010595,1759.822706,1868.123397,1877.5,2068.681145
2018-12-24,7433.272,3588.052557,3162.578401,1735.325099,1844.891951,1842.91,2023.899081
2018-12-25,7401.64,3554.549372,3147.220459,1724.000635,1834.258426,1839.98,2018.691402
2018-12-26,7631.357,3623.005437,3218.192335,1763.872582,1865.381837,1911.32,2106.567377
2018-12-27,7680.501,3658.397961,3248.735279,1774.260084,1878.681688,1922.06,2122.990862
2018-12-28,7716.893,3678.727134,3254.098822,1785.941937,1890.260526,1927.17,2127.967577
2018-12-31,7771.71,3703.368916,3275.551461,1796.733213,1901.982047,1941.79,2149.186203
2019-01-01,7771.814,3703.561545,3275.770193,1796.774696,1902.133064,1941.79,2149.238472
2019-01-02,7760.371,3691.826673,3252.819174,1795.611326,1892.521499,1939.85,2140.335506
2019-01-03,7646.236,3670.289543,3235.185048,1779.971808,1881.139691,1890.71,2092.038241
2019-01-04,7856.688,3742.680016,3283.925254,1823.964013,1919.886965,1954.16,2153.135761
2019-01-07,7920.977,3792.325356,3298.056325,1839.607957,1938.229232,1966.24,2168.192438
2019-01-08,7987.243,3821.316514,3318.5701,1852.398482,1952.702654,1986.24,2192.44024
2019-01-09,8051.661,3870.245266,3331.5888,1869.025452,1973.128645,2003.29,2209.151173
2019-01-10,8080.473,3879.296692,3349.41869,1875.384235,1981.559704,2008.95,2213.607355
2019-01-11,8078.321,3880.093337,3349.629009,1876.872478,1981.571339,2004.27,2211.472528
2019-01-14,8041.809,3864.248587,3333.526737,1872.243903,1973.893922,1990.29,2195.642006
2019-01-15,8105.856,3880.977415,3349.357347,1881.1745,1982.017954,2010.41,2224.639558
2019-01-16,8117.911,3889.863429,3349.656765,1886.977706,1986.81469,2007.44,2223.556457
2019-01-17,8156.223,3903.396039,3362.349354,1892.232051,1993.411598,2021.31,2235.223563
2019-01-18,8260.181,3952.233629,3388.970996,1917.366234,2016.469896,2049.3,2258.752809
2019-01-21,8260.568,3955.39144,3387.061161,1917.810679,2016.157864,2049.37,2258.855303
2019-01-22,8170.188,3921.197003,3373.841246,1898.973343,2002.450107,2023.55,2233.173021
2019-01-23,8175.856,3914.452105,3384.761261,1899.27999,2002.296348,2028.76,2241.420479
2019-01-24,8188.775,3930.619965,3380.112186,1903.290253,2007.722271,2033.78,2236.228369
2019-01-25,8265.861,3974.451127,3386.353509,1923.473243,2024.562854,2051.53,2251.192201
2019-01-28,8213.517,3959.57483,3381.15612,1913.206926,2018.692188,2034.72,2232.739587
2019-01-29,8215.353,3966.51209,3394.009836,1915.260029,2024.255753,2032.33,2228.298174
2019-01-30,8304.552,3986.627377,3414.602884,1927.694005,2034.848126,2064.35,2265.295922
2019-01-31,8379.029,4017.173498,3444.370439,1941.504253,2048.973944,2087.97,2286.987596
2019-02-01,8384.068,4019.39371,3447.900858,1940.878449,2051.042481,2095.37,2284.219578
2019-02-04,8418.112,4029.53654,3461.802804,1944.411865,2055.414549,2112.65,2299.02625
2019-02-05,8474.329,4056.241437,3474.234235,1956.768621,2069.536747,2130.82,2312.940943
2019-02-06,8457.333,4050.195018,3467.074951,1955.010499,2065.489296,2126.9,2307.170952
2019-02-07,8374.75,4010.54932,3456.268757,1932.750868,2050.182669,2104.08,2288.673091
2019-02-08,8350.0,3980.456194,3462.491502,1920.19039,2040.017544,2106.84,2289.924404
2019-02-11,8354.452,3983.794889,3459.677738,1921.001199,2041.076395,2107.94,2290.379821
2019-02-12,8452.074,4030.439487,3482.661842,1943.272224,2060.474567,2133.41,2318.411268
2019-02-13,8484.801,4053.735346,3490.227875,1952.043377,2069.686688,2139.93,2321.725382
2019-02-14,8466.935,4046.189152,3483.720267,1945.339125,2065.344868,2139.89,2322.947528
2019-02-15,8545.972,4071.677564,3508.080426,1965.46466,2080.17432,2156.91,2341.987435
2019-02-18,8571.018,4096.464999,3517.626476,1973.592058,2090.409895,2160.1,2346.43185
2019-02-19,8585.061,4104.284422,3526.497707,1978.430038,2094.045326,2160.61,2349.772771
2019-02-20,8618.134,4122.453956,3536.450562,1988.358486,2103.212395,2168.14,2352.283076
2019-02-21,8594.363,4111.276371,3538.418989,1981.295688,2100.011251,2161.06,2351.600238
2019-02-22,8634.271,4126.113791,3549.882086,1986.436652,2107.281561,2180.23,2369.706463
2019-02-25,8655.166,4137.789662,3542.41754,1993.050391,2110.71407,2185.38,2370.442813
2019-02-26,8655.516,4134.911436,3543.940008,1993.023273,2110.197375,2188.87,2373.28471
2019-02-27,8658.346,4136.088003,3544.468748,1994.840405,2110.39522,2188.46,2374.050498
2019-02-28,8635.203,4122.680747,3548.810509,1987.46867,2107.441142,2182.23,2371.963865
2019-03-01,8679.245,4140.226885,3554.100441,1993.886681,2114.687749,2197.45,2386.685072
2019-03-04,8656.253,4135.895298,3541.417188,1988.422598,2111.3903,2195.01,2373.54864
2019-03-05,8644.454,4120.227311,3539.3625,1983.367227,2105.386359,2196.09,2372.743098
2019-03-06,8608.346,4104.430312,3529.678127,1975.768156,2098.995365,2189.2,2361.033124
2019-03-07,8541.831,4068.161436,3519.058996,1958.333199,2085.23512,2170.54,2342.990388
2019-03-08,8499.804,4035.706251,3511.740167,1945.224811,2073.585178,2164.0,2336.154627
2019-03-11,8597.42,4071.23323,3540.782319,1965.508771,2090.027921,2192.95,2367.287181
2019-03-12,8634.005,4096.23759,3554.863148,1974.473803,2101.093737,2202.33,2375.770586
2019-03-13,8685.39,4110.583503,3567.9935,1985.168374,2109.45795,2215.67,2392.49795
2019-03-14,8690.685,4109.889719,3567.109484,1986.721577,2111.147864,2216.39,2395.263567
2019-03-15,8742.626,4136.448993,3582.128065,1999.444914,2123.409224,2228.9,2409.429679
2019-03-18,8780.982,4158.671999,3587.968066,2011.275577,2132.093212,2232.75,2418.12563
2019-03-19,8791.955,4161.568836,3580.855218,2014.204792,2132.917905,2235.69,2420.428762
2019-03-20,8757.444,4138.699539,3569.34416,1999.5383,2121.491868,2232.34,2418.273628
2019-03-21,8824.359,4164.348481,3602.193835,2008.975897,2134.717874,2255.24,2447.096152
2019-03-22,8687.774,4115.764071,3588.902246,1979.558375,2112.679116,2217.02,2405.905082
2019-03-25,8656.054,4085.17445,3581.625822,1968.070821,2102.34892,2213.52,2404.208551
2019-03-26,8720.761,4124.081223,3612.860657,1982.299935,2119.407084,2230.87,2420.09163
2019-03-27,8693.653,4117.175267,3607.049881,1979.509506,2115.816386,2222.41,2410.630893
2019-03-28,8700.472,4108.228987,3604.035106,1976.136269,2114.145441,2230.19,2419.222834
2019-03-29,8754.489,4133.344798,3622.433694,1987.204971,2125.879752,2246.75,2434.710485
2019-04-01,8854.755,4183.502226,3632.233582,2014.837309,2147.04657,2270.11,2454.706016
2019-04-02,8854.78,4181.279037,3624.446103,2014.34759,2145.718091,2274.11,2450.716702
2019-04-03,8901.862,4214.040471,3624.68161,2028.715495,2160.207731,2283.65,2457.179743
2019-04-04,8903.386,4210.661852,3620.020618,2031.389787,2157.319148,2283.73,2452.484005
2019-04-05,8933.894,4225.410064,3629.805771,2037.056217,2162.762712,2289.96,2461.20874
2019-04-08,8946.925,4227.871851,3628.523953,2039.322223,2164.27202,2296.04,2466.42418
2019-04-09,8908.679,4208.467676,3621.39478,2030.252623,2155.311247,2285.85,2459.980397
2019-04-10,8929.505,4219.258459,3624.319788,2033.285183,2160.940568,2294.41,2466.1539
2019-04-11,8928.903,4221.765431,3624.015674,2034.484109,2163.811414,2294.62,2458.852334
2019-04-12,8978.845,4243.716991,3631.278671,2048.322513,2175.410173,2309.76,2464.829768
2019-04-15,8988.252,4254.341557,3639.352304,2051.740487,2178.88719,2312.04,2471.339114
2019-04-16,8996.554,4257.12731,3626.71173,2056.80266,2178.211173,2315.01,2464.804009
2019-04-17,8988.276,4252.725263,3608.421573,2060.034675,2174.241371,2314.48,2454.910461
2019-04-18,8985.737,4244.001308,3604.965181,2057.604014,2172.113956,2315.11,2457.578284
2019-04-19,8986.375,4245.140436,3602.167643,2056.988388,2171.958122,2315.2,2457.727695
2019-04-22,8991.608,4242.217824,3599.44921,2055.721946,2169.904504,2315.94,2460.831879
2019-04-23,9046.439,4258.384167,3621.039898,2062.284043,2178.488831,2335.59,2485.210889
2019-04-24,9023.611,4248.404775,3620.991265,2052.513844,2175.744863,2333.75,2485.910652
2019-04-25,9010.632,4233.124863,3620.640506,2046.781218,2169.316644,2329.0,2490.346838
2019-04-26,9046.887,4247.990189,3637.37718,2054.705236,2178.937583,2333.45,2508.216934
2019-04-29,9056.093,4249.237269,3630.143503,2058.930578,2179.0057,2334.18,2507.403405
2019-04-30,9069.951,4255.0335,3657.450298,2062.842517,2184.745971,2329.94,2514.186435
2019-05-01,9034.011,4243.826579,3638.017196,2057.692718,2179.25407,2317.6,2502.240111
2019-05-02,8999.375,4226.384806,3632.964304,2049.742727,2171.543721,2308.43,2494.079265
2019-05-03,9069.809,4251.417124,3649.376633,2062.632757,2183.551697,2328.77,2515.193786
2019-05-06,9025.985,4226.922862,3643.379693,2051.273556,2171.650993,2316.26,2508.908388
2019-05-07,8897.109,4176.988914,3618.463833,2023.166046,2149.907815,2280.4,2470.374308
2019-05-08,8882.685,4161.11567,3611.470778,2016.75878,2144.076936,2279.66,2473.542367
2019-05-09,8835.02,4132.193614,3605.409167,2002.67064,2132.522946,2265.28,2463.688923
2019-05-10,8866.56,4146.648396,3630.086041,2008.437852,2143.26326,2270.99,2474.956572
2019-05-13,8701.601,4081.433478,3605.973451,1973.642524,2116.06,2217.68,2423.087055
2019-05-14,8754.385,4098.88784,3612.061946,1983.399102,2124.450034,2233.85,2443.028522
2019-05-15,8804.497,4114.353891,3624.588709,1990.745277,2131.543623,2255.08,2460.95
2019-05-16,8874.417,4135.895465,3652.820193,2002.107055,2146.041289,2277.69,2489.97768
2019-05-17,8835.803,4121.665932,3653.390972,1994.071666,2139.430674,2266.97,2483.030496
2019-05-20,8789.03,4103.272224,3655.599643,1987.266614,2132.692705,2245.52,2470.414922
2019-05-21,8845.102,4123.073831,3666.996454,1998.815322,2143.41411,2262.3,2485.053817
2019-05-22,8820.865,4109.075717,3672.40595,1988.365535,2139.24774,2257.7,2484.504597
2019-05-23,8721.051,4065.168608,3667.05803,1964.915618,2120.548057,2232.45,2457.614443
2019-05-24,8753.819,4082.552855,3673.134288,1974.758454,2130.068725,2236.25,2466.025213
2019-05-27,8760.479,4085.204354,3674.678292,1977.195107,2131.536814,2236.7,2467.580373
2019-05-28,8711.036,4070.629465,3642.378521,1965.893761,2121.019112,2225.25,2454.365546
2019-05-29,8629.543,4026.695644,3617.246656,1948.487316,2100.607008,2201.88,2430.764479
2019-05-30,8638.039,4024.445544,3622.965504,1946.384439,2100.278062,2210.46,2442.530505
2019-05-31,8554.772,4001.358214,3622.587634,1926.350491,2091.851387,2184.52,2424.427605
2019-06-03,8550.119,4009.593129,3648.870059,1933.262828,2099.940654,2168.63,2413.270807
2019-06-04,8686.855,4062.165777,3665.231725,1966.386877,2121.507367,2208.22,2446.84288
2019-06-05,8763.603,4104.270527,3711.979696,1978.91046,2143.597104,2230.42,2483.70447
2019-06-06,8800.456,4106.254093,3730.818607,1982.864631,2147.758342,2244.69,2500.961624
2019-06-07,8896.006,4143.22419,3753.83675,1999.658602,2166.089016,2277.96,2534.940182
2019-06-10,8932.299,4160.360724,3747.65196,2008.497676,2171.042092,2289.18,2544.93918
2019-06-11,8950.706,4176.068069,3747.915176,2016.074823,2176.459092,2295.89,2540.905423
2019-06-12,8928.545,4165.629739,3759.445722,2006.905662,2174.042993,2292.26,2543.562846
2019-06-13,8941.4,4165.054196,3758.171864,2008.596797,2173.053497,2296.61,2545.990879
2019-06-14,8917.048,4149.156528,3763.122451,2002.063386,2167.076328,2286.85,2540.095088
2019-06-17,8916.798,4137.584705,3756.638232,1998.592692,2160.949615,2289.8,2540.20988
2019-06-18,9001.316,4169.422007,3769.353672,2017.20668,2175.898711,2313.26,2561.481755
2019-06-19,9046.264,4203.008702,3790.518287,2028.411416,2190.763457,2321.72,2576.832875
2019-06-20,9138.057,4245.733876,3825.630904,2046.212454,2212.198455,2350.95,2606.461213
2019-06-21,9116.654,4227.52213,3811.879299,2042.686556,2204.036411,2342.92,2593.377631
2019-06-24,9117.03,4228.133393,3823.601525,2041.862673,2206.501648,2345.81,2598.107469
2019-06-25,9056.731,4214.295508,3813.874697,2033.215292,2200.624557,2323.97,2573.159976
2019-06-26,9035.586,4199.469366,3775.304212,2030.96523,2188.893664,2320.86,2560.056041
2019-06-27,9071.808,4225.684982,3783.355544,2041.310963,2198.364488,2325.84,2567.506595
2019-06-28,9122.09,4251.464851,3794.910901,2054.144859,2211.239999,2335.5,2578.546729
2019-07-01,9180.383,4278.121457,3802.117051,2066.43837,2221.108122,2354.43,2596.635066
2019-07-02,9207.047,4284.985342,3827.668131,2068.648766,2228.169912,2364.38,2612.4626
2019-07-03,9270.543,4310.25591,3863.227905,2080.399351,2244.13371,2384.01,2636.227813
2019-07-04,9278.269,4317.785278,3868.037422,2084.260255,2247.809744,2383.53,2636.08541
2019-07-05,9238.652,4296.425023,3850.973266,2076.418302,2235.865985,2371.1,2622.133718
2019-07-08,9192.983,4268.234216,3840.032986,2065.05419,2223.806807,2358.76,2615.082361
2019-07-09,9190.759,4256.487841,3842.245055,2060.483233,2218.666397,2359.63,2620.157154
2019-07-10,9222.277,4263.736997,3856.114192,2064.878703,2222.877096,2372.97,2632.3685
2019-07-11,9239.987,4272.712729,3855.621995,2070.570319,2226.875963,2375.1,2636.219747
2019-07-12,9271.117,4290.392478,3856.997034,2079.932752,2234.062717,2382.16,2642.153483
2019-07-15,9278.233,4293.16541,3862.852328,2079.764382,2235.541838,2386.06,2649.967222
2019-07-16,9252.209,4284.158574,3851.433414,2074.633669,2231.060602,2380.69,2640.130931
2019-07-17,9209.759,4265.705029,3850.781523,2061.978514,2223.330039,2371.54,2632.724609
2019-07-18,9212.254,4248.925609,3856.76119,2059.364256,2217.838432,2380.62,2641.303246
2019-07-19,9196.627,4263.417124,3841.29836,2061.304795,2221.002859,2369.51,2626.702022
2019-07-22,9209.865,4257.543628,3831.9583,2061.660677,2216.356472,2380.45,2634.454278
2019-07-23,9259.893,4282.169357,3836.90137,2075.609654,2226.49388,2391.2,2640.019049
2019-07-24,9294.568,4303.982951,3838.849273,2084.672508,2233.93485,2402.55,2647.847809
2019-07-25,9249.466,4283.316905,3834.126598,2074.096975,2225.971497,2391.88,2633.045924
2019-07-26,9286.541,4282.761475,3852.907395,2077.751218,2226.735629,2410.73,2646.590215
2019-07-29,9273.238,4271.274762,3858.547105,2074.589393,2223.910996,2410.88,2643.214176
2019-07-30,9235.841,4258.280208,3840.86873,2065.230197,2215.338113,2395.85,2632.313221
2019-07-31,9169.816,4235.183103,3812.287049,2053.389554,2204.508955,2373.99,2605.239515
2019-08-01,9110.158,4207.923463,3814.53406,2036.798086,2194.212311,2361.74,2600.347847
2019-08-02,9013.497,4158.611131,3814.86033,2012.281116,2174.496741,2332.37,2575.196526
2019-08-05,8793.281,4072.968084,3752.025862,1968.522224,2134.570647,2262.1,2508.118718
2019-08-06,8843.497,4075.810777,3782.497318,1971.787346,2136.23705,2286.27,2535.797343
2019-08-07,8864.011,4088.765873,3808.907285,1973.142236,2144.795628,2294.44,2549.733529
2019-08-08,9006.097,4136.253992,3853.423924,1998.325867,2169.665351,2339.68,2599.146537
2019-08-09,8958.669,4116.668259,3852.06511,1987.14557,2163.109346,2320.61,2588.774239
2019-08-12,8885.357,4088.607291,3835.779677,1971.625275,2151.43448,2301.04,2566.712303
2019-08-13,8956.469,4090.355962,3841.117971,1980.66471,2153.322773,2331.25,2592.809699
2019-08-14,8756.496,4024.253963,3786.243913,1939.243494,2119.163373,2272.37,2532.297598
2019-08-15,8745.228,4001.652665,3804.1112,1930.459773,2113.547667,2269.59,2538.38492
2019-08-16,8854.052,4044.807239,3834.087309,1954.950664,2134.885783,2300.79,2570.694695
2019-08-19,8952.56,4088.512511,3863.037576,1976.715362,2156.404313,2330.19,2597.053865
2019-08-20,8901.625,4077.413995,3847.504972,1964.386483,2148.852156,2315.68,2584.522343
2019-08-21,8969.017,4100.79005,3863.986064,1975.976354,2160.567323,2337.7,2611.045816
2019-08-22,8953.662,4094.877523,3863.379182,1975.916791,2156.983479,2331.92,2599.066911
2019-08-23,8798.305,4051.045526,3825.283724,1946.500109,2135.845225,2278.26,2549.902323
2019-08-26,8843.557,4045.304761,3840.670083,1951.876281,2135.223871,2299.03,2571.079513
2019-08-27,8842.352,4053.525416,3850.291944,1950.234695,2139.918191,2303.57,2579.550285
2019-08-28,8872.46,4060.728433,3857.936523,1957.8946,2142.357387,2309.7,2582.472671
2019-08-29,8962.762,4091.819298,3874.335932,1976.751662,2157.600046,2336.19,2609.410108
2019-08-30,8986.644,4116.060451,3877.365265,1986.228796,2167.73582,2337.32,2607.869916
2019-09-02,8978.744,4104.951556,3872.494216,1983.245451,2162.754016,2338.29,2607.271683
2019-09-03,8938.839,4093.905213,3883.703509,1976.71856,2160.528357,2321.23,2597.509332
2019-09-04,9035.518,4135.211384,3915.918238,1998.3203,2181.150214,2351.63,2628.020386
2019-09-05,9141.086,4189.091281,3912.069763,2024.921644,2199.808425,2385.78,2650.805618
2019-09-06,9160.921,4204.467331,3920.21288,2030.943605,2207.669731,2388.89,2654.347594
2019-09-09,9159.454,4221.551746,3896.949099,2044.716968,2209.166441,2376.74,2618.984275
2019-09-10,9164.139,4241.961591,3870.979212,2059.62946,2210.015739,2366.22,2585.032217
2019-09-11,9227.576,4278.051722,3887.130066,2076.009367,2224.441246,2382.88,2594.001058
2019-09-12,9259.729,4289.804419,3899.972018,2081.016745,2232.167126,2391.13,2613.512812
2019-09-13,9278.212,4314.601016,3890.843069,2093.195781,2240.788161,2388.97,2603.942201
2019-09-16,9236.655,4301.314026,3875.462549,2083.224682,2230.668481,2372.21,2583.066
2019-09-17,9261.56,4300.420663,3905.524934,2082.715787,2236.825861,2383.02,2604.342727
2019-09-18,9258.701,4290.063921,3906.453972,2080.451707,2235.130585,2384.61,2606.486947
2019-09-19,9274.506,4297.308476,3916.89737,2084.743595,2239.820744,2388.11,2612.170067
2019-09-20,9244.807,4287.502062,3918.979669,2081.275408,2236.62039,2374.86,2599.424877
2019-09-23,9229.075,4276.262289,3924.538195,2075.396597,2231.979819,2374.86,2598.16775
2019-09-24,9180.492,4261.414333,3930.023094,2064.87418,2230.308875,2361.4,2586.942698
2019-09-25,9190.969,4252.537689,3922.798006,2065.03397,2225.701432,2371.84,2589.28341
2019-09-26,9186.876,4252.312209,3932.998947,2063.487515,2229.285808,2371.1,2595.547273
2019-09-27,9162.808,4245.583474,3917.570046,2063.763314,2226.189957,2360.23,2576.682821
2019-09-30,9182.168,4241.692409,3916.042527,2063.475729,2224.829924,2371.96,2587.449678
2019-10-01,9091.692,4212.181618,3896.149116,2044.226783,2209.942123,2348.63,2562.628446
2019-10-02,8935.837,4150.78048,3857.101545,2009.019611,2179.55862,2305.28,2518.384017
2019-10-03,8979.379,4152.987006,3873.218725,2011.341668,2181.92677,2325.93,2542.062602
2019-10-04,9074.072,4178.496176,3914.416231,2027.541662,2197.793318,2357.61,2575.01709
2019-10-07,9065.722,4180.543437,3910.007004,2027.329379,2199.428192,2354.85,2570.363708
2019-10-08,8949.256,4135.144103,3885.948466,2003.03573,2177.956152,2320.97,2530.834124
2019-10-09,9007.963,4145.467549,3896.770946,2012.347276,2184.769592,2341.88,2554.77875
2019-10-10,9061.736,4167.686265,3902.518575,2028.189402,2193.458807,2355.94,2562.435018
2019-10-11,9185.377,4239.100116,3910.707793,2063.509587,2222.242437,2388.89,2585.504881
2019-10-14,9168.351,4231.147033,3901.478668,2058.949482,2217.660012,2385.84,2580.481962
2019-10-15,9258.302,4275.340678,3911.78578,2082.918017,2235.172111,2406.98,2595.598029
2019-10-16,9253.354,4279.981728,3918.566647,2085.49131,2238.220254,2402.38,2586.573072
2019-10-17,9281.602,4294.78758,3930.554118,2091.477043,2245.456035,2407.62,2593.649007
2019-10-18,9253.762,4287.599346,3928.141673,2089.60577,2243.442102,2392.46,2579.986509
2019-10-21,9313.224,4319.03392,3939.319041,2105.742208,2256.822149,2409.28,2591.567956
2019-10-22,9292.099,4316.269608,3921.447858,2107.362086,2253.303268,2400.91,2570.47838
2019-10-23,9309.434,4325.167856,3924.662584,2112.202728,2255.281355,2402.33,2566.114558
2019-10-24,9340.641,4338.36336,3928.501715,2114.828393,2261.289676,2420.02,2591.018493
2019-10-25,9370.812,4350.521945,3918.538645,2122.210463,2263.424075,2435.8,2596.163235
2019-10-28,9407.303,4361.986963,3909.672372,2128.455556,2266.335985,2453.09,2606.850139
2019-10-29,9411.828,4373.485199,3922.564813,2132.604733,2272.935757,2444.82,2607.45226
2019-10-30,9433.296,4369.263121,3943.055895,2129.711184,2275.52296,2457.66,2627.622161
2019-10-31,9418.381,4366.74105,3949.625257,2125.362023,2276.341919,2454.48,2620.138757
2019-11-01,9497.083,4402.973059,3950.321456,2145.115863,2290.074116,2475.21,2632.215161
2019-11-04,9536.855,4426.49769,3929.830358,2159.972854,2295.364047,2484.59,2625.628257
2019-11-05,9527.8,4433.917051,3913.198525,2163.608801,2294.396609,2478.88,2610.950695
2019-11-06,9537.159,4432.489629,3930.246214,2165.932138,2296.770974,2480.57,2618.725181
2019-11-07,9562.887,4444.360382,3925.841166,2174.725299,2299.345206,2488.08,2619.162948
2019-11-08,9573.109,4444.244807,3919.883882,2175.580495,2296.780182,2495.27,2627.588667
2019-11-11,9563.432,4440.043607,3915.844999,2173.544553,2295.115094,2492.7,2626.261671
2019-11-12,9579.585,4447.058625,3916.325575,2176.88459,2297.097052,2498.09,2632.917704
2019-11-13,9572.744,4431.033062,3930.595241,2168.211981,2293.88551,2503.65,2645.135804
2019-11-14,9563.161,4419.587016,3928.641646,2162.023708,2290.939682,2501.08,2644.060362
2019-11-15,9638.165,4454.994024,3945.840366,2179.169977,2306.592661,2522.13,2657.357786
2019-11-18,9651.206,4458.583712,3962.001871,2179.993575,2310.997718,2527.87,2664.682206
2019-11-19,9647.879,4457.709854,3967.104401,2176.285509,2312.531312,2531.55,2674.832034
2019-11-20,9607.063,4440.105156,3965.226005,2163.958213,2304.021819,2517.24,2667.866755
2019-11-21,9588.651,4427.801293,3949.03434,2162.179914,2296.57169,2509.62,2652.794106
2019-11-22,9603.638,4436.751373,3946.956409,2167.516323,2298.839252,2513.65,2653.042322
2019-11-25,9675.25,4471.077766,3952.893862,2181.74969,2311.718318,2540.09,2672.926885
2019-11-26,9692.942,4478.504932,3976.600087,2179.977919,2319.208071,2549.01,2691.101934
2019-11-27,9727.102,4491.74346,3984.587095,2186.94543,2325.405758,2558.64,2698.494134
2019-11-28,9724.067,4487.58987,3983.045362,2185.252334,2323.604464,2558.86,2697.507071
2019-11-29,9685.175,4465.31898,3971.608085,2175.451703,2313.80157,2549.82,2689.152088
2019-12-02,9618.692,4448.260587,3953.118523,2165.665515,2303.964012,2527.28,2661.785876
2019-12-03,9562.713,4423.91926,3950.047352,2149.199264,2293.163224,2512.13,2659.527907
2019-12-04,9615.661,4440.935217,3962.697974,2162.827583,2302.023723,2529.51,2674.701744
2019-12-05,9630.686,4453.806952,3967.711634,2166.396949,2308.896895,2535.41,2678.309072
2019-12-06,9706.327,4482.16692,3978.177076,2183.860132,2320.949469,2556.41,2689.718316
2019-12-09,9690.734,4483.323511,3975.174455,2183.004053,2321.537735,2552.42,2683.68798
2019-12-10,9678.753,4471.740962,3967.25307,2179.443856,2316.314173,2550.69,2680.823496
2019-12-11,9701.467,4477.380013,3967.260179,2182.766243,2318.201979,2561.02,2687.987917
2019-12-12,9763.06,4498.80022,3968.531644,2200.905066,2324.048171,2574.37,2689.809387
2019-12-13,9808.033,4530.449878,3978.845513,2213.529792,2338.302789,2586.6,2702.283828
2019-12-16,9883.175,4558.254325,3990.169651,2229.903785,2352.311183,2609.15,2720.489131
2019-12-17,9879.918,4556.200061,3992.557722,2229.85331,2351.315234,2606.27,2719.101652
2019-12-18,9866.404,4546.674336,3990.167909,2226.050935,2346.864517,2603.43,2715.353863
2019-12-19,9898.084,4555.722719,4000.835888,2229.986268,2350.650367,2616.69,2727.526971
2019-12-20,9937.382,4568.995403,4016.184664,2235.836892,2358.187537,2632.46,2748.774885
2019-12-23,9941.094,4569.56611,4008.980708,2234.254601,2356.477331,2635.08,2744.377323
2019-12-24,9946.775,4575.729979,4015.964415,2235.171254,2359.458604,2634.93,2749.531434
2019-12-25,9944.152,4570.980315,4015.697527,2233.588952,2357.788314,2634.75,2749.819636
2019-12-26,9982.779,4581.145406,4022.678264,2240.142937,2362.715315,2645.99,2755.951892
2019-12-27,10004.055,4593.751651,4035.069012,2245.46715,2370.998479,2652.37,2766.035442
2019-12-30,9956.562,4578.270786,4028.579139,2237.332445,2364.515105,2636.73,2751.946037
2019-12-31,9979.034,4586.84451,4034.459973,2242.607797,2368.334429,2642.41,2756.554474
2020-01-01,9979.062,4586.90179,4034.475697,2242.611016,2368.362785,2642.41,2756.579958
